PropS11 ,PropS21 ,PropS31 
 0.242347987E-02,-0.622489265E-03,-0.489594932E-03
PropS12 ,PropS22 ,PropS32 
-0.622489265E-03, 0.254145356E-02,-0.598556136E-03
PropS13 ,PropS23 ,PropS33 
-0.489594932E-03,-0.598556136E-03, 0.239503998E-02
