PropC11 ,PropC21 ,PropC31 
 0.478753180E+03, 0.148553212E+03, 0.134780087E+03
PropC12 ,PropC22 ,PropC32 
 0.148553844E+03, 0.465105728E+03, 0.146394819E+03
PropC13 ,PropC23 ,PropC33 
 0.134780087E+03, 0.146395502E+03, 0.482245743E+03
PropC44 
 0.222754444E+03
PropC55 
 0.166247713E+03
PropC66 
 0.174095998E+03
